seq,stage,status,mac,rssi,channel,amplitude_mean,amplitude_std,phase_std,calibration_mode,calibration_progress,remaining_packets,remaining_seconds,window_progress,presence_score,motion_score,amp_mean_delta,amp_std_delta,phase_std_delta,rssi_delta,window_amp_mean,window_amp_std,window_phase_std,window_rssi,baseline_amplitude_mean,baseline_amplitude_std,baseline_phase_std,baseline_rssi
0,ready,已加载基线,,,,,,,,,,,,,,,,,,,,,,10.6869,6.5338,1.581,-52.2065
1,buffering,监测缓冲中,,-56,,11.0062,7.0956,1.4667,,,,,1/100,,,,,,,,,,,10.6869,6.5338,1.581,-52.2065
2,buffering,监测缓冲中,,-55,,10.1797,6.7394,1.4257,,,,,2/100,,,,,,,,,,,10.6869,6.5338,1.581,-52.2065
3,buffering,监测缓冲中,,-55,,9.8677,6.5565,1.5682,,,,,3/100,,,,,,,,,,,10.6869,6.5338,1.581,-52.2065
4,buffering,监测缓冲中,,-54,,10.8244,7.0946,1.8953,,,,,4/100,,,,,,,,,,,10.6869,6.5338,1.581,-52.2065
5,buffering,监测缓冲中,,-54,,10.7701,7.067,1.6651,,,,,5/100,,,,,,,,,,,10.6869,6.5338,1.581,-52.2065
6,buffering,监测缓冲中,,-53,,9.8392,6.47,1.5421,,,,,6/100,,,,,,,,,,,10.6869,6.5338,1.581,-52.2065
7,buffering,监测缓冲中,,-53,,9.9165,6.5185,1.5334,,,,,7/100,,,,,,,,,,,10.6869,6.5338,1.581,-52.2065
8,buffering,监测缓冲中,,-52,,10.7033,6.8718,1.8333,,,,,8/100,,,,,,,,,,,10.6869,6.5338,1.581,-52.2065
9,buffering,监测缓冲中,,-52,,9.869,6.3867,1.5735,,,,,9/100,,,,,,,,,,,10.6869,6.5338,1.581,-52.2065
10,buffering,监测缓冲中,,-52,,9.8749,6.3383,1.6327,,,,,10/100,,,,,,,,,,,10.6869,6.5338,1.581,-52.2065
11,buffering,监测缓冲中,,-51,,9.6111,6.3321,1.5852,,,,,11/100,,,,,,,,,,,10.6869,6.5338,1.581,-52.2065
12,buffering,监测缓冲中,,-51,,10.6255,6.9353,1.5122,,,,,12/100,,,,,,,,,,,10.6869,6.5338,1.581,-52.2065
13,buffering,监测缓冲中,,-51,,10.5095,6.7975,1.5853,,,,,13/100,,,,,,,,,,,10.6869,6.5338,1.581,-52.2065
14,buffering,监测缓冲中,,-51,,10.7112,6.8595,1.6218,,,,,14/100,,,,,,,,,,,10.6869,6.5338,1.581,-52.2065
15,buffering,监测缓冲中,,-51,,10.465,6.7407,1.5877,,,,,15/100,,,,,,,,,,,10.6869,6.5338,1.581,-52.2065
16,buffering,监测缓冲中,,-51,,10.2399,6.6618,1.4994,,,,,16/100,,,,,,,,,,,10.6869,6.5338,1.581,-52.2065
17,buffering,监测缓冲中,,-51,,10.6985,6.9312,1.597,,,,,17/100,,,,,,,,,,,10.6869,6.5338,1.581,-52.2065
18,buffering,监测缓冲中,,-37,,9.9412,6.5563,1.5288,,,,,18/100,,,,,,,,,,,10.6869,6.5338,1.581,-52.2065
19,buffering,监测缓冲中,,-52,,10.9034,6.7203,1.6811,,,,,19/100,,,,,,,,,,,10.6869,6.5338,1.581,-52.2065
20,buffering,监测缓冲中,,-52,,10.1695,6.269,1.6659,,,,,20/100,,,,,,,,,,,10.6869,6.5338,1.581,-52.2065
21,buffering,监测缓冲中,,-52,,10.3139,6.4103,1.6695,,,,,21/100,,,,,,,,,,,10.6869,6.5338,1.581,-52.2065
22,buffering,监测缓冲中,,-53,,10.0843,6.404,1.4326,,,,,22/100,,,,,,,,,,,10.6869,6.5338,1.581,-52.2065
23,buffering,监测缓冲中,,-55,,10.5056,6.5521,1.7351,,,,,23/100,,,,,,,,,,,10.6869,6.5338,1.581,-52.2065
24,buffering,监测缓冲中,,-55,,9.904,6.2604,1.573,,,,,24/100,,,,,,,,,,,10.6869,6.5338,1.581,-52.2065
25,buffering,监测缓冲中,,-53,,10.5693,6.6091,1.6938,,,,,25/100,,,,,,,,,,,10.6869,6.5338,1.581,-52.2065
26,buffering,监测缓冲中,,-53,,10.5896,6.5706,1.656,,,,,26/100,,,,,,,,,,,10.6869,6.5338,1.581,-52.2065
27,buffering,监测缓冲中,,-53,,10.759,6.7321,1.4891,,,,,27/100,,,,,,,,,,,10.6869,6.5338,1.581,-52.2065
28,buffering,监测缓冲中,,-53,,10.5848,6.6727,1.7007,,,,,28/100,,,,,,,,,,,10.6869,6.5338,1.581,-52.2065
29,buffering,监测缓冲中,,-53,,10.0072,6.2959,1.6722,,,,,29/100,,,,,,,,,,,10.6869,6.5338,1.581,-52.2065
30,buffering,监测缓冲中,,-53,,10.2318,6.4164,1.79,,,,,30/100,,,,,,,,,,,10.6869,6.5338,1.581,-52.2065
31,buffering,监测缓冲中,,-54,,10.7492,6.6392,1.7085,,,,,31/100,,,,,,,,,,,10.6869,6.5338,1.581,-52.2065
32,buffering,监测缓冲中,,-54,,10.4487,6.4635,1.6391,,,,,32/100,,,,,,,,,,,10.6869,6.5338,1.581,-52.2065
33,buffering,监测缓冲中,,-54,,10.498,6.5678,1.4601,,,,,33/100,,,,,,,,,,,10.6869,6.5338,1.581,-52.2065
34,buffering,监测缓冲中,,-54,,10.8181,6.8179,1.4577,,,,,34/100,,,,,,,,,,,10.6869,6.5338,1.581,-52.2065
35,buffering,监测缓冲中,,-54,,10.2294,6.3786,1.6635,,,,,35/100,,,,,,,,,,,10.6869,6.5338,1.581,-52.2065
36,buffering,监测缓冲中,,-53,,10.9122,6.8136,1.4603,,,,,36/100,,,,,,,,,,,10.6869,6.5338,1.581,-52.2065
37,buffering,监测缓冲中,,-53,,9.9506,6.1008,1.7329,,,,,37/100,,,,,,,,,,,10.6869,6.5338,1.581,-52.2065
38,buffering,监测缓冲中,,-53,,10.3144,6.4931,1.64,,,,,38/100,,,,,,,,,,,10.6869,6.5338,1.581,-52.2065
39,buffering,监测缓冲中,,-53,,10.2691,6.3627,1.6818,,,,,39/100,,,,,,,,,,,10.6869,6.5338,1.581,-52.2065
40,buffering,监测缓冲中,,-53,,10.7796,6.7803,1.4661,,,,,40/100,,,,,,,,,,,10.6869,6.5338,1.581,-52.2065
41,buffering,监测缓冲中,,-54,,10.6961,6.7546,1.4762,,,,,41/100,,,,,,,,,,,10.6869,6.5338,1.581,-52.2065
42,buffering,监测缓冲中,,-54,,10.185,6.332,1.6171,,,,,42/100,,,,,,,,,,,10.6869,6.5338,1.581,-52.2065
43,buffering,监测缓冲中,,-54,,10.8523,6.6704,1.6595,,,,,43/100,,,,,,,,,,,10.6869,6.5338,1.581,-52.2065
44,buffering,监测缓冲中,,-53,,10.6357,6.629,1.4653,,,,,44/100,,,,,,,,,,,10.6869,6.5338,1.581,-52.2065
45,buffering,监测缓冲中,,-53,,10.646,6.5947,1.661,,,,,45/100,,,,,,,,,,,10.6869,6.5338,1.581,-52.2065
46,buffering,监测缓冲中,,-53,,10.3511,6.4864,1.4688,,,,,46/100,,,,,,,,,,,10.6869,6.5338,1.581,-52.2065
47,buffering,监测缓冲中,,-53,,10.0419,6.3348,1.6223,,,,,47/100,,,,,,,,,,,10.6869,6.5338,1.581,-52.2065
48,buffering,监测缓冲中,,-53,,10.641,6.6347,1.6734,,,,,48/100,,,,,,,,,,,10.6869,6.5338,1.581,-52.2065
49,buffering,监测缓冲中,,-53,,10.6612,6.6891,1.4693,,,,,49/100,,,,,,,,,,,10.6869,6.5338,1.581,-52.2065
50,buffering,监测缓冲中,,-53,,10.0503,6.3065,1.6793,,,,,50/100,,,,,,,,,,,10.6869,6.5338,1.581,-52.2065
51,buffering,监测缓冲中,,-53,,10.0815,6.3211,1.7046,,,,,51/100,,,,,,,,,,,10.6869,6.5338,1.581,-52.2065
52,buffering,监测缓冲中,,-53,,10.6415,6.641,1.4605,,,,,52/100,,,,,,,,,,,10.6869,6.5338,1.581,-52.2065
53,buffering,监测缓冲中,,-53,,9.6121,6.0941,1.6707,,,,,53/100,,,,,,,,,,,10.6869,6.5338,1.581,-52.2065
54,buffering,监测缓冲中,,-53,,10.1156,6.3507,1.6582,,,,,54/100,,,,,,,,,,,10.6869,6.5338,1.581,-52.2065
55,buffering,监测缓冲中,,-53,,10.211,6.3308,1.6883,,,,,55/100,,,,,,,,,,,10.6869,6.5338,1.581,-52.2065
56,buffering,监测缓冲中,,-53,,10.7325,6.6062,1.6774,,,,,56/100,,,,,,,,,,,10.6869,6.5338,1.581,-52.2065
57,buffering,监测缓冲中,,-53,,10.7708,6.6654,1.6847,,,,,57/100,,,,,,,,,,,10.6869,6.5338,1.581,-52.2065
58,buffering,监测缓冲中,,-53,,10.6977,6.7508,1.4688,,,,,58/100,,,,,,,,,,,10.6869,6.5338,1.581,-52.2065
59,buffering,监测缓冲中,,-53,,10.7332,6.6838,1.463,,,,,59/100,,,,,,,,,,,10.6869,6.5338,1.581,-52.2065
60,buffering,监测缓冲中,,-53,,10.1613,6.2822,1.6433,,,,,60/100,,,,,,,,,,,10.6869,6.5338,1.581,-52.2065
61,buffering,监测缓冲中,,-53,,9.9999,6.2464,1.6601,,,,,61/100,,,,,,,,,,,10.6869,6.5338,1.581,-52.2065
62,buffering,监测缓冲中,,-54,,10.3787,6.4008,1.7194,,,,,62/100,,,,,,,,,,,10.6869,6.5338,1.581,-52.2065
63,buffering,监测缓冲中,,-54,,10.4072,6.4021,1.6653,,,,,63/100,,,,,,,,,,,10.6869,6.5338,1.581,-52.2065
64,buffering,监测缓冲中,,-54,,10.7315,6.7342,1.4583,,,,,64/100,,,,,,,,,,,10.6869,6.5338,1.581,-52.2065
65,buffering,监测缓冲中,,-54,,10.6651,6.7203,1.4463,,,,,65/100,,,,,,,,,,,10.6869,6.5338,1.581,-52.2065
66,buffering,监测缓冲中,,-54,,10.7632,6.7323,1.4835,,,,,66/100,,,,,,,,,,,10.6869,6.5338,1.581,-52.2065
67,buffering,监测缓冲中,,-53,,10.6442,6.7103,1.4799,,,,,67/100,,,,,,,,,,,10.6869,6.5338,1.581,-52.2065
68,buffering,监测缓冲中,,-53,,10.1552,6.3206,1.6912,,,,,68/100,,,,,,,,,,,10.6869,6.5338,1.581,-52.2065
69,buffering,监测缓冲中,,-53,,10.3782,6.5774,1.475,,,,,69/100,,,,,,,,,,,10.6869,6.5338,1.581,-52.2065
70,buffering,监测缓冲中,,-53,,10.8105,6.8071,1.4605,,,,,70/100,,,,,,,,,,,10.6869,6.5338,1.581,-52.2065
71,buffering,监测缓冲中,,-54,,10.015,6.2234,1.705,,,,,71/100,,,,,,,,,,,10.6869,6.5338,1.581,-52.2065
72,buffering,监测缓冲中,,-54,,10.5331,6.6361,1.4585,,,,,72/100,,,,,,,,,,,10.6869,6.5338,1.581,-52.2065
73,buffering,监测缓冲中,,-54,,10.7068,6.578,1.6544,,,,,73/100,,,,,,,,,,,10.6869,6.5338,1.581,-52.2065
74,buffering,监测缓冲中,,-54,,10.0288,6.2763,1.6883,,,,,74/100,,,,,,,,,,,10.6869,6.5338,1.581,-52.2065
75,buffering,监测缓冲中,,-54,,10.2157,6.3774,1.6753,,,,,75/100,,,,,,,,,,,10.6869,6.5338,1.581,-52.2065
76,buffering,监测缓冲中,,-53,,10.5955,6.5789,1.736,,,,,76/100,,,,,,,,,,,10.6869,6.5338,1.581,-52.2065
77,buffering,监测缓冲中,,-53,,10.4456,6.4723,1.8082,,,,,77/100,,,,,,,,,,,10.6869,6.5338,1.581,-52.2065
78,buffering,监测缓冲中,,-53,,10.7882,6.74,1.6894,,,,,78/100,,,,,,,,,,,10.6869,6.5338,1.581,-52.2065
79,buffering,监测缓冲中,,-53,,10.5388,6.4828,1.7601,,,,,79/100,,,,,,,,,,,10.6869,6.5338,1.581,-52.2065
80,buffering,监测缓冲中,,-52,,9.7256,6.0148,1.6873,,,,,80/100,,,,,,,,,,,10.6869,6.5338,1.581,-52.2065
81,buffering,监测缓冲中,,-37,,10.6555,6.8367,1.4458,,,,,81/100,,,,,,,,,,,10.6869,6.5338,1.581,-52.2065
82,buffering,监测缓冲中,,-52,,10.4196,6.4319,1.6612,,,,,82/100,,,,,,,,,,,10.6869,6.5338,1.581,-52.2065
83,buffering,监测缓冲中,,-53,,9.8938,6.1406,1.6676,,,,,83/100,,,,,,,,,,,10.6869,6.5338,1.581,-52.2065
84,buffering,监测缓冲中,,-53,,10.2789,6.4664,1.7386,,,,,84/100,,,,,,,,,,,10.6869,6.5338,1.581,-52.2065
85,buffering,监测缓冲中,,-53,,9.9629,6.2141,1.6771,,,,,85/100,,,,,,,,,,,10.6869,6.5338,1.581,-52.2065
86,buffering,监测缓冲中,,-53,,10.4477,6.6217,1.4615,,,,,86/100,,,,,,,,,,,10.6869,6.5338,1.581,-52.2065
87,buffering,监测缓冲中,,-53,,10.2972,6.6273,1.4507,,,,,87/100,,,,,,,,,,,10.6869,6.5338,1.581,-52.2065
88,buffering,监测缓冲中,,-55,,10.2295,6.659,1.6131,,,,,88/100,,,,,,,,,,,10.6869,6.5338,1.581,-52.2065
89,buffering,监测缓冲中,,-53,,10.8342,6.921,1.4555,,,,,89/100,,,,,,,,,,,10.6869,6.5338,1.581,-52.2065
90,buffering,监测缓冲中,,-54,,9.9659,6.5246,1.5794,,,,,90/100,,,,,,,,,,,10.6869,6.5338,1.581,-52.2065
91,buffering,监测缓冲中,,-54,,10.6077,6.9197,1.6229,,,,,91/100,,,,,,,,,,,10.6869,6.5338,1.581,-52.2065
92,buffering,监测缓冲中,,-54,,9.7799,6.35,1.5469,,,,,92/100,,,,,,,,,,,10.6869,6.5338,1.581,-52.2065
93,buffering,监测缓冲中,,-54,,10.6483,6.9578,1.5581,,,,,93/100,,,,,,,,,,,10.6869,6.5338,1.581,-52.2065
94,buffering,监测缓冲中,,-55,,10.0351,6.5347,1.5148,,,,,94/100,,,,,,,,,,,10.6869,6.5338,1.581,-52.2065
95,buffering,监测缓冲中,,-56,,9.8109,6.4345,1.5881,,,,,95/100,,,,,,,,,,,10.6869,6.5338,1.581,-52.2065
96,buffering,监测缓冲中,,-57,,10.016,6.4885,1.3838,,,,,96/100,,,,,,,,,,,10.6869,6.5338,1.581,-52.2065
97,buffering,监测缓冲中,,-57,,11.4843,7.2888,1.8102,,,,,97/100,,,,,,,,,,,10.6869,6.5338,1.581,-52.2065
98,buffering,监测缓冲中,,-58,,11.2344,7.2051,1.6118,,,,,98/100,,,,,,,,,,,10.6869,6.5338,1.581,-52.2065
99,buffering,监测缓冲中,,-58,,10.3758,6.5954,1.4235,,,,,99/100,,,,,,,,,,,10.6869,6.5338,1.581,-52.2065
100,monitoring,无人,32:56:90:61:2f:7b,-58,4,,,,,,,,,0.5715,1.9243,0.2889,0.0409,0.02,0.9035,10.398,6.5747,1.601,-53.11,10.6869,6.5338,1.581,-52.2065
101,monitoring,无人,32:56:90:61:2f:7b,-58,4,,,,,,,,,0.5791,1.9286,0.2961,0.0355,0.0197,0.9235,10.3908,6.5693,1.6007,-53.13,10.6869,6.5338,1.581,-52.2065
102,monitoring,无人,32:56:90:61:2f:7b,-57,4,,,,,,,,,0.5839,1.9343,0.2966,0.0325,0.0212,0.9435,10.3903,6.5663,1.6022,-53.15,10.6869,6.5338,1.581,-52.2065
103,monitoring,无人,32:56:90:61:2f:7b,-58,4,,,,,,,,,0.5891,1.9476,0.2957,0.0317,0.0206,0.9735,10.3912,6.5655,1.6016,-53.18,10.6869,6.5338,1.581,-52.2065
104,monitoring,无人,32:56:90:61:2f:7b,-58,4,,,,,,,,,0.5977,1.9544,0.3043,0.0247,0.0169,1.0135,10.3826,6.5585,1.5979,-53.22,10.6869,6.5338,1.581,-52.2065
105,monitoring,无人,32:56:90:61:2f:7b,-56,4,,,,,,,,,0.6007,1.958,0.3063,0.0225,0.015,1.0335,10.3806,6.5563,1.596,-53.24,10.6869,6.5338,1.581,-52.2065
106,monitoring,无人,32:56:90:61:2f:7b,-56,4,,,,,,,,,0.6046,1.9567,0.2994,0.0259,0.0154,1.0635,10.3875,6.5597,1.5964,-53.27,10.6869,6.5338,1.581,-52.2065
107,monitoring,无人,32:56:90:61:2f:7b,-56,4,,,,,,,,,0.6061,1.9603,0.2909,0.0294,0.0152,1.0935,10.396,6.5632,1.5962,-53.3,10.6869,6.5338,1.581,-52.2065
108,monitoring,无人,32:56:90:61:2f:7b,-56,4,,,,,,,,,0.6149,1.9569,0.2964,0.0252,0.0125,1.1335,10.3905,6.559,1.5935,-53.34,10.6869,6.5338,1.581,-52.2065
109,monitoring,无人,32:56:90:61:2f:7b,-55,4,,,,,,,,,0.6223,1.9546,0.295,0.0264,0.0128,1.1635,10.3919,6.5602,1.5938,-53.37,10.6869,6.5338,1.581,-52.2065
110,monitoring,无人,32:56:90:61:2f:7b,-56,4,,,,,,,,,0.632,1.9567,0.2915,0.0279,0.0144,1.2035,10.3954,6.5617,1.5954,-53.41,10.6869,6.5338,1.581,-52.2065
111,monitoring,无人,32:56:90:61:2f:7b,-55,4,,,,,,,,,0.6345,1.9445,0.2799,0.0345,0.0133,1.2435,10.407,6.5683,1.5943,-53.45,10.6869,6.5338,1.581,-52.2065
112,monitoring,无人,32:56:90:61:2f:7b,-55,4,,,,,,,,,0.645,1.9412,0.2803,0.0326,0.0148,1.2835,10.4066,6.5664,1.5958,-53.49,10.6869,6.5338,1.581,-52.2065
113,monitoring,无人,32:56:90:61:2f:7b,-55,4,,,,,,,,,0.6559,1.9385,0.2826,0.0302,0.0152,1.3235,10.4043,6.564,1.5962,-53.53,10.6869,6.5338,1.581,-52.2065
114,monitoring,无人,32:56:90:61:2f:7b,-56,4,,,,,,,,,0.67,1.9435,0.2826,0.0293,0.0172,1.3735,10.4043,6.5631,1.5982,-53.58,10.6869,6.5338,1.581,-52.2065
115,monitoring,无人,32:56:90:61:2f:7b,-56,4,,,,,,,,,0.6827,1.9531,0.2791,0.0302,0.0197,1.4235,10.4078,6.564,1.6007,-53.63,10.6869,6.5338,1.581,-52.2065
116,monitoring,无人,32:56:90:61:2f:7b,-56,4,,,,,,,,,0.6975,1.9566,0.2794,0.0277,0.023,1.4735,10.4075,6.5615,1.604,-53.68,10.6869,6.5338,1.581,-52.2065
117,monitoring,无人,32:56:90:61:2f:7b,-56,4,,,,,,,,,0.7114,1.9548,0.2845,0.0241,0.0223,1.5235,10.4024,6.5579,1.6033,-53.73,10.6869,6.5338,1.581,-52.2065
118,monitoring,无人,32:56:90:61:2f:7b,-56,4,,,,,,,,,0.7543,1.7338,0.2775,0.0266,0.0227,1.7135,10.4094,6.5604,1.6037,-53.92,10.6869,6.5338,1.581,-52.2065
119,monitoring,无人,32:56:90:61:2f:7b,-57,4,,,,,,,,,0.7711,1.7343,0.2854,0.0238,0.0215,1.7635,10.4015,6.5576,1.6025,-53.97,10.6869,6.5338,1.581,-52.2065
120,monitoring,无人,32:56:90:61:2f:7b,-59,4,,,,,,,,,0.79,1.7558,0.2875,0.0248,0.0202,1.8335,10.3994,6.5586,1.6012,-54.04,10.6869,6.5338,1.581,-52.2065
121,monitoring,无人,32:56:90:61:2f:7b,-63,4,,,,,,,,,0.815,1.827,0.2827,0.0249,0.022,1.9435,10.4042,6.5587,1.603,-54.15,10.6869,6.5338,1.581,-52.2065
122,monitoring,无人,32:56:90:61:2f:7b,-58,4,,,,,,,,,0.8275,1.8366,0.2762,0.0284,0.0252,1.9935,10.4107,6.5622,1.6062,-54.2,10.6869,6.5338,1.581,-52.2065
123,monitoring,无人,32:56:90:61:2f:7b,-58,4,,,,,,,,,0.8387,1.8516,0.2809,0.0266,0.0256,2.0235,10.406,6.5604,1.6066,-54.23,10.6869,6.5338,1.581,-52.2065
124,monitoring,无人,32:56:90:61:2f:7b,-58,4,,,,,,,,,0.8398,1.868,0.2686,0.0332,0.026,2.0535,10.4183,6.567,1.607,-54.26,10.6869,6.5338,1.581,-52.2065
125,monitoring,无人,32:56:90:61:2f:7b,-57,4,,,,,,,,,0.8426,1.8941,0.2601,0.0351,0.0258,2.0935,10.4268,6.5689,1.6068,-54.3,10.6869,6.5338,1.581,-52.2065
126,monitoring,无人,32:56:90:61:2f:7b,-57,4,,,,,,,,,0.8463,1.9123,0.2598,0.034,0.0216,2.1335,10.4271,6.5678,1.6026,-54.34,10.6869,6.5338,1.581,-52.2065
127,monitoring,无人,32:56:90:61:2f:7b,-59,4,,,,,,,,,0.8522,1.9541,0.2569,0.0317,0.0179,2.1935,10.43,6.5655,1.5989,-54.4,10.6869,6.5338,1.581,-52.2065
128,monitoring,无人,32:56:90:61:2f:7b,-62,4,,,,,,,,,0.8581,2.1247,0.2647,0.0218,0.0043,2.2835,10.4222,6.5556,1.5853,-54.49,10.6869,6.5338,1.581,-52.2065
129,monitoring,无人,32:56:90:61:2f:7b,-58,4,,,,,,,,,0.8544,2.1544,0.2501,0.0248,0.0009,2.3335,10.4368,6.5586,1.5819,-54.54,10.6869,6.5338,1.581,-52.2065
130,monitoring,无人,32:56:90:61:2f:7b,-58,4,,,,,,,,,0.8698,2.1822,0.2474,0.0222,0.0074,2.3835,10.4395,6.556,1.5736,-54.59,10.6869,6.5338,1.581,-52.2065
131,monitoring,无人,32:56:90:61:2f:7b,-60,4,,,,,,,,,0.8787,2.221,0.2402,0.0218,0.0085,2.4435,10.4467,6.5556,1.5725,-54.65,10.6869,6.5338,1.581,-52.2065
132,monitoring,无人,32:56:90:61:2f:7b,-58,4,,,,,,,,,0.8928,2.2544,0.2381,0.0189,0.0156,2.4835,10.4488,6.5527,1.5654,-54.69,10.6869,6.5338,1.581,-52.2065
133,monitoring,无人,32:56:90:61:2f:7b,-59,4,,,,,,,,,0.8908,2.2865,0.2334,0.0158,0.0095,2.5335,10.4535,6.5496,1.5715,-54.74,10.6869,6.5338,1.581,-52.2065
134,monitoring,无人,32:56:90:61:2f:7b,-43,4,,,,,,,,,0.8607,2.3775,0.2334,0.0126,0.0095,2.4235,10.4535,6.5464,1.5715,-54.63,10.6869,6.5338,1.581,-52.2065
135,monitoring,无人,32:56:90:61:2f:7b,-58,4,,,,,,,,,0.8737,2.3968,0.231,0.0106,0.0154,2.4635,10.4559,6.5444,1.5656,-54.67,10.6869,6.5338,1.581,-52.2065
136,monitoring,无人,32:56:90:61:2f:7b,-58,4,,,,,,,,,0.8893,2.4135,0.2327,0.0059,0.0195,2.5135,10.4542,6.5397,1.5615,-54.72,10.6869,6.5338,1.581,-52.2065
137,monitoring,无人,32:56:90:61:2f:7b,-58,4,,,,,,,,,0.8946,2.4185,0.2272,0.0067,0.0177,2.5635,10.4597,6.5405,1.5633,-54.77,10.6869,6.5338,1.581,-52.2065
138,monitoring,无人,32:56:90:61:2f:7b,-60,4,,,,,,,,,0.9148,2.4409,0.2271,0.0032,0.0223,2.6335,10.4598,6.537,1.5587,-54.84,10.6869,6.5338,1.581,-52.2065
139,monitoring,无人,32:56:90:61:2f:7b,-60,4,,,,,,,,,0.9215,2.4714,0.2204,0.0039,0.0185,2.7035,10.4665,6.5377,1.5625,-54.91,10.6869,6.5338,1.581,-52.2065
140,monitoring,无人,32:56:90:61:2f:7b,-58,4,,,,,,,,,0.9365,2.4729,0.2246,0.0041,0.0168,2.7535,10.4623,6.5379,1.5642,-54.96,10.6869,6.5338,1.581,-52.2065
141,monitoring,无人,32:56:90:61:2f:7b,-58,4,,,,,,,,,0.9521,2.4788,0.2288,0.0045,0.0178,2.7935,10.4581,6.5383,1.5632,-55.0,10.6869,6.5338,1.581,-52.2065
142,monitoring,无人,32:56:90:61:2f:7b,-55,4,,,,,,,,,0.9548,2.4805,0.2219,0.0109,0.0194,2.8035,10.465,6.5447,1.5616,-55.01,10.6869,6.5338,1.581,-52.2065
143,monitoring,无人,32:56:90:61:2f:7b,-55,4,,,,,,,,,0.9603,2.478,0.2234,0.0128,0.0194,2.8135,10.4635,6.5466,1.5616,-55.02,10.6869,6.5338,1.581,-52.2065
144,monitoring,无人,32:56:90:61:2f:7b,-57,4,,,,,,,,,0.9738,2.4782,0.2279,0.0129,0.0185,2.8535,10.459,6.5467,1.5625,-55.06,10.6869,6.5338,1.581,-52.2065
145,monitoring,无人,32:56:90:61:2f:7b,-56,4,,,,,,,,,0.9812,2.4771,0.227,0.0142,0.0183,2.8835,10.4599,6.548,1.5627,-55.09,10.6869,6.5338,1.581,-52.2065
146,monitoring,无人,32:56:90:61:2f:7b,-54,4,,,,,,,,,0.9803,2.4785,0.2267,0.0158,0.0146,2.8935,10.4602,6.5496,1.5664,-55.1,10.6869,6.5338,1.581,-52.2065
147,monitoring,无人,32:56:90:61:2f:7b,-54,4,,,,,,,,,0.9821,2.4768,0.2267,0.0154,0.0143,2.9035,10.4602,6.5492,1.5667,-55.11,10.6869,6.5338,1.581,-52.2065
148,monitoring,无人,32:56:90:61:2f:7b,-54,4,,,,,,,,,0.9833,2.4755,0.2268,0.0147,0.0137,2.9135,10.4601,6.5485,1.5673,-55.12,10.6869,6.5338,1.581,-52.2065
149,monitoring,无人,32:56:90:61:2f:7b,-54,4,,,,,,,,,0.9862,2.4735,0.2273,0.0141,0.014,2.9235,10.4596,6.5479,1.567,-55.13,10.6869,6.5338,1.581,-52.2065
150,monitoring,无人,32:56:90:61:2f:7b,-54,4,,,,,,,,,0.985,2.4687,0.2235,0.0149,0.0135,2.9335,10.4634,6.5487,1.5675,-55.14,10.6869,6.5338,1.581,-52.2065
151,monitoring,无人,32:56:90:61:2f:7b,-54,4,,,,,,,,,0.989,2.47,0.2256,0.0131,0.0142,2.9435,10.4613,6.5469,1.5668,-55.15,10.6869,6.5338,1.581,-52.2065
152,monitoring,无人,32:56:90:61:2f:7b,-54,4,,,,,,,,,0.9933,2.472,0.2324,0.0096,0.0123,2.9535,10.4545,6.5434,1.5687,-55.16,10.6869,6.5338,1.581,-52.2065
153,monitoring,无人,32:56:90:61:2f:7b,-55,4,,,,,,,,,0.9932,2.4579,0.2271,0.0111,0.0115,2.9735,10.4598,6.5449,1.5695,-55.18,10.6869,6.5338,1.581,-52.2065
154,monitoring,无人,32:56:90:61:2f:7b,-55,4,,,,,,,,,0.999,2.4528,0.2235,0.0134,0.0136,2.9935,10.4634,6.5472,1.5674,-55.2,10.6869,6.5338,1.581,-52.2065
155,monitoring,无人,32:56:90:61:2f:7b,-55,4,,,,,,,,,1.0058,2.4497,0.2187,0.0179,0.0162,3.0135,10.4682,6.5517,1.5648,-55.22,10.6869,6.5338,1.581,-52.2065
156,monitoring,无人,32:56:90:61:2f:7b,-54,4,,,,,,,,,1.0085,2.4476,0.219,0.0183,0.0159,3.0235,10.4679,6.5521,1.5651,-55.23,10.6869,6.5338,1.581,-52.2065
157,monitoring,无人,32:56:90:61:2f:7b,-54,4,,,,,,,,,1.011,2.4443,0.22,0.017,0.0159,3.0335,10.4669,6.5508,1.5651,-55.24,10.6869,6.5338,1.581,-52.2065
158,monitoring,无人,32:56:90:61:2f:7b,-54,4,,,,,,,,,1.0162,2.4454,0.2271,0.012,0.0156,3.0435,10.4598,6.5458,1.5654,-55.25,10.6869,6.5338,1.581,-52.2065
159,monitoring,无人,32:56:90:61:2f:7b,-54,4,,,,,,,,,1.0166,2.4439,0.2314,0.0087,0.0124,3.0535,10.4555,6.5425,1.5686,-55.26,10.6869,6.5338,1.581,-52.2065
160,monitoring,无人,32:56:90:61:2f:7b,-54,4,,,,,,,,,1.021,2.4426,0.2322,0.0097,0.0126,3.0635,10.4547,6.5435,1.5684,-55.27,10.6869,6.5338,1.581,-52.2065
161,monitoring,无人,32:56:90:61:2f:7b,-39,4,,,,,,,,,0.9853,2.5922,0.2282,0.0135,0.0129,2.9235,10.4587,6.5473,1.5681,-55.13,10.6869,6.5338,1.581,-52.2065
162,monitoring,无人,32:56:90:61:2f:7b,-54,4,,,,,,,,,0.986,2.593,0.2298,0.012,0.0131,2.9235,10.4571,6.5458,1.5679,-55.13,10.6869,6.5338,1.581,-52.2065
163,monitoring,无人,32:56:90:61:2f:7b,-54,4,,,,,,,,,0.9884,2.5933,0.231,0.0132,0.0134,2.9235,10.4559,6.547,1.5676,-55.13,10.6869,6.5338,1.581,-52.2065
164,monitoring,无人,32:56:90:61:2f:7b,-54,4,,,,,,,,,0.9884,2.5954,0.2377,0.0087,0.0108,2.9235,10.4492,6.5425,1.5702,-55.13,10.6869,6.5338,1.581,-52.2065
165,monitoring,无人,32:56:90:61:2f:7b,-54,4,,,,,,,,,0.9839,2.5958,0.2371,0.0074,0.0083,2.9235,10.4498,6.5412,1.5727,-55.13,10.6869,6.5338,1.581,-52.2065
166,monitoring,无人,32:56:90:61:2f:7b,-54,4,,,,,,,,,0.9821,2.5951,0.2408,0.0046,0.0056,2.9235,10.4461,6.5384,1.5754,-55.13,10.6869,6.5338,1.581,-52.2065
167,monitoring,无人,32:56:90:61:2f:7b,-54,4,,,,,,,,,0.9849,2.5935,0.2409,0.0043,0.006,2.9335,10.446,6.5381,1.575,-55.14,10.6869,6.5338,1.581,-52.2065
168,monitoring,无人,32:56:90:61:2f:7b,-54,4,,,,,,,,,0.9866,2.5938,0.2417,0.0033,0.0053,2.9435,10.4452,6.5371,1.5757,-55.15,10.6869,6.5338,1.581,-52.2065
169,monitoring,无人,32:56:90:61:2f:7b,-54,4,,,,,,,,,0.9831,2.5935,0.2388,0.0033,0.0027,2.9535,10.4481,6.5371,1.5783,-55.16,10.6869,6.5338,1.581,-52.2065
170,monitoring,无人,32:56:90:61:2f:7b,-54,4,,,,,,,,,0.989,2.5894,0.2449,0.0016,0.0016,2.9635,10.442,6.5322,1.5794,-55.17,10.6869,6.5338,1.581,-52.2065
171,monitoring,无人,32:56:90:61:2f:7b,-54,4,,,,,,,,,0.9865,2.5866,0.2382,0.0031,0.0041,2.9635,10.4487,6.5369,1.5769,-55.17,10.6869,6.5338,1.581,-52.2065
172,monitoring,无人,32:56:90:61:2f:7b,-54,4,,,,,,,,,0.9816,2.5886,0.236,0.0036,0.0015,2.9635,10.4509,6.5374,1.5795,-55.17,10.6869,6.5338,1.581,-52.2065
173,monitoring,无人,32:56:90:61:2f:7b,-54,4,,,,,,,,,0.9854,2.5918,0.243,0.0004,0.001,2.9635,10.4439,6.5342,1.58,-55.17,10.6869,6.5338,1.581,-52.2065
174,monitoring,无人,32:56:90:61:2f:7b,-54,4,,,,,,,,,0.9791,2.5951,0.2331,0.0052,0.0009,2.9635,10.4538,6.539,1.5801,-55.17,10.6869,6.5338,1.581,-52.2065
175,monitoring,无人,32:56:90:61:2f:7b,-54,4,,,,,,,,,0.9779,2.5984,0.2261,0.0093,0.0029,2.9635,10.4608,6.5431,1.5781,-55.17,10.6869,6.5338,1.581,-52.2065
176,monitoring,无人,32:56:90:61:2f:7b,-54,4,,,,,,,,,0.9798,2.5969,0.2263,0.0088,0.0026,2.9735,10.4606,6.5426,1.5784,-55.18,10.6869,6.5338,1.581,-52.2065
177,monitoring,无人,32:56:90:61:2f:7b,-54,4,,,,,,,,,0.9832,2.5925,0.2257,0.008,0.0044,2.9835,10.4612,6.5418,1.5766,-55.19,10.6869,6.5338,1.581,-52.2065
178,monitoring,无人,32:56:90:61:2f:7b,-54,4,,,,,,,,,0.9863,2.589,0.2265,0.0062,0.0054,2.9935,10.4604,6.54,1.5756,-55.2,10.6869,6.5338,1.581,-52.2065
179,monitoring,无人,32:56:90:61:2f:7b,-55,4,,,,,,,,,0.9923,2.593,0.2213,0.0138,0.0055,3.0135,10.4656,6.5476,1.5755,-55.22,10.6869,6.5338,1.581,-52.2065
180,monitoring,无人,32:56:90:61:2f:7b,-55,4,,,,,,,,,0.9987,2.5771,0.2148,0.0217,0.0047,3.0435,10.4721,6.5555,1.5763,-55.25,10.6869,6.5338,1.581,-52.2065
181,monitoring,无人,32:56:90:61:2f:7b,-55,4,,,,,,,,,1.0433,2.3723,0.2118,0.025,0.0047,3.2235,10.4751,6.5588,1.5763,-55.43,10.6869,6.5338,1.581,-52.2065
182,monitoring,无人,32:56:90:61:2f:7b,-55,4,,,,,,,,,1.053,2.3672,0.2135,0.0276,0.0034,3.2535,10.4734,6.5614,1.5776,-55.46,10.6869,6.5338,1.581,-52.2065
183,monitoring,无人,32:56:90:61:2f:7b,-57,4,,,,,,,,,1.0504,2.3934,0.1946,0.0375,0.002,3.2935,10.4923,6.5713,1.579,-55.5,10.6869,6.5338,1.581,-52.2065
184,monitoring,无人,32:56:90:61:2f:7b,-57,4,,,,,,,,,1.0583,2.3898,0.19,0.0393,0.0029,3.3335,10.4969,6.5731,1.5781,-55.54,10.6869,6.5338,1.581,-52.2065
185,monitoring,无人,32:56:90:61:2f:7b,-55,4,,,,,,,,,1.0658,2.3832,0.1883,0.0452,0.0024,3.3535,10.4986,6.579,1.5786,-55.56,10.6869,6.5338,1.581,-52.2065
186,monitoring,无人,32:56:90:61:2f:7b,-55,4,,,,,,,,,1.0718,2.3781,0.1883,0.0482,0.0013,3.3735,10.4986,6.582,1.5797,-55.58,10.6869,6.5338,1.581,-52.2065
187,monitoring,无人,32:56:90:61:2f:7b,-54,4,,,,,,,,,1.0735,2.3738,0.1873,0.0503,0.0001,3.3835,10.4996,6.5841,1.5809,-55.59,10.6869,6.5338,1.581,-52.2065
188,monitoring,无人,32:56:90:61:2f:7b,-54,4,,,,,,,,,1.0734,2.3759,0.1875,0.0513,0.0013,3.3735,10.4994,6.5851,1.5797,-55.58,10.6869,6.5338,1.581,-52.2065
189,monitoring,无人,32:56:90:61:2f:7b,-53,4,,,,,,,,,1.0758,2.3786,0.1876,0.0521,0.0026,3.3735,10.4993,6.5859,1.5836,-55.58,10.6869,6.5338,1.581,-52.2065
190,monitoring,无人,32:56:90:61:2f:7b,-53,4,,,,,,,,,1.0694,2.3762,0.181,0.0562,0.0021,3.3635,10.5059,6.59,1.5831,-55.57,10.6869,6.5338,1.581,-52.2065
191,monitoring,无人,32:56:90:61:2f:7b,-53,4,,,,,,,,,1.0719,2.395,0.1912,0.0505,0.0016,3.3535,10.4957,6.5843,1.5826,-55.56,10.6869,6.5338,1.581,-52.2065
192,monitoring,无人,32:56:90:61:2f:7b,-53,4,,,,,,,,,1.063,2.3917,0.1797,0.0576,0.0011,3.3435,10.5072,6.5914,1.5821,-55.55,10.6869,6.5338,1.581,-52.2065
193,monitoring,无人,32:56:90:61:2f:7b,-53,4,,,,,,,,,1.0594,2.395,0.179,0.0574,0.001,3.3335,10.5079,6.5912,1.582,-55.54,10.6869,6.5338,1.581,-52.2065
194,monitoring,无人,32:56:90:61:2f:7b,-54,4,,,,,,,,,1.0545,2.3924,0.1724,0.0616,0.0016,3.3235,10.5145,6.5954,1.5826,-55.53,10.6869,6.5338,1.581,-52.2065
195,monitoring,无人,32:56:90:61:2f:7b,-54,4,,,,,,,,,1.0457,2.3849,0.1674,0.0633,0.0015,3.3035,10.5195,6.5971,1.5825,-55.51,10.6869,6.5338,1.581,-52.2065
196,monitoring,无人,32:56:90:61:2f:7b,-54,4,,,,,,,,,1.0385,2.3788,0.1646,0.0649,0.003,3.2735,10.5223,6.5987,1.584,-55.48,10.6869,6.5338,1.581,-52.2065
197,monitoring,无人,32:56:90:61:2f:7b,-54,4,,,,,,,,,1.0385,2.363,0.1782,0.0571,0.0031,3.2435,10.5087,6.5909,1.5841,-55.45,10.6869,6.5338,1.581,-52.2065
198,monitoring,无人,32:56:90:61:2f:7b,-54,4,,,,,,,,,1.0316,2.3508,0.1825,0.0561,0.0028,3.2035,10.5044,6.5899,1.5838,-55.41,10.6869,6.5338,1.581,-52.2065
199,monitoring,无人,32:56:90:61:2f:7b,-55,4,,,,,,,,,1.0234,2.3506,0.176,0.0624,0.0034,3.1735,10.5109,6.5962,1.5844,-55.38,10.6869,6.5338,1.581,-52.2065
200,monitoring,无人,32:56:90:61:2f:7b,-55,4,,,,,,,,,1.0147,2.3483,0.1727,0.0655,0.0031,3.1435,10.5142,6.5993,1.5841,-55.35,10.6869,6.5338,1.581,-52.2065
201,monitoring,无人,32:56:90:61:2f:7b,-55,4,,,,,,,,,1.0111,2.3441,0.174,0.0665,0.0046,3.1135,10.5129,6.6003,1.5856,-55.32,10.6869,6.5338,1.581,-52.2065
202,monitoring,无人,32:56:90:61:2f:7b,-56,4,,,,,,,,,1.01,2.3399,0.1717,0.0703,0.0052,3.1035,10.5152,6.6041,1.5862,-55.31,10.6869,6.5338,1.581,-52.2065
203,monitoring,无人,32:56:90:61:2f:7b,-57,4,,,,,,,,,1.0065,2.3322,0.1644,0.0744,0.0077,3.0935,10.5225,6.6082,1.5887,-55.3,10.6869,6.5338,1.581,-52.2065
204,monitoring,无人,32:56:90:61:2f:7b,-57,4,,,,,,,,,1.0027,2.3256,0.1556,0.0805,0.0098,3.0835,10.5313,6.6143,1.5908,-55.29,10.6869,6.5338,1.581,-52.2065
205,monitoring,无人,32:56:90:61:2f:7b,-56,4,,,,,,,,,1.002,2.3262,0.1538,0.0789,0.0118,3.0835,10.5331,6.6127,1.5928,-55.29,10.6869,6.5338,1.581,-52.2065
206,monitoring,无人,32:56:90:61:2f:7b,-56,4,,,,,,,,,0.9978,2.3298,0.1498,0.0799,0.0109,3.0835,10.5371,6.6137,1.5919,-55.29,10.6869,6.5338,1.581,-52.2065
207,monitoring,无人,32:56:90:61:2f:7b,-56,4,,,,,,,,,0.9992,2.3287,0.1508,0.0791,0.0119,3.0835,10.5361,6.6129,1.5929,-55.29,10.6869,6.5338,1.581,-52.2065
208,monitoring,无人,32:56:90:61:2f:7b,-56,4,,,,,,,,,0.9954,2.3286,0.1432,0.0832,0.0123,3.0835,10.5437,6.617,1.5933,-55.29,10.6869,6.5338,1.581,-52.2065
209,monitoring,无人,32:56:90:61:2f:7b,-56,4,,,,,,,,,0.9995,2.33,0.1426,0.083,0.0143,3.0935,10.5443,6.6168,1.5953,-55.3,10.6869,6.5338,1.581,-52.2065
210,monitoring,无人,32:56:90:61:2f:7b,-54,4,,,,,,,,,0.9899,2.328,0.1367,0.088,0.012,3.0735,10.5502,6.6218,1.593,-55.28,10.6869,6.5338,1.581,-52.2065
211,monitoring,无人,32:56:90:61:2f:7b,-55,4,,,,,,,,,0.9932,2.3328,0.144,0.0834,0.0117,3.0735,10.5429,6.6172,1.5927,-55.28,10.6869,6.5338,1.581,-52.2065
212,monitoring,无人,32:56:90:61:2f:7b,-55,4,,,,,,,,,0.9941,2.3326,0.1439,0.0856,0.0111,3.0735,10.543,6.6194,1.5921,-55.28,10.6869,6.5338,1.581,-52.2065
213,monitoring,无人,32:56:90:61:2f:7b,-56,4,,,,,,,,,0.9968,2.3358,0.1452,0.087,0.0092,3.0835,10.5417,6.6208,1.5902,-55.29,10.6869,6.5338,1.581,-52.2065
214,monitoring,无人,32:56:90:61:2f:7b,-36,4,,,,,,,,,0.9489,2.565,0.1476,0.0889,0.0077,2.8835,10.5393,6.6227,1.5887,-55.09,10.6869,6.5338,1.581,-52.2065
215,monitoring,无人,32:56:90:61:2f:7b,-55,4,,,,,,,,,0.9456,2.5605,0.1483,0.0912,0.005,2.8735,10.5386,6.625,1.586,-55.08,10.6869,6.5338,1.581,-52.2065
216,monitoring,无人,32:56:90:61:2f:7b,-56,4,,,,,,,,,0.9456,2.5596,0.1496,0.0941,0.002,2.8735,10.5373,6.6279,1.583,-55.08,10.6869,6.5338,1.581,-52.2065
217,monitoring,无人,32:56:90:61:2f:7b,-56,4,,,,,,,,,0.9483,2.5604,0.1447,0.099,0.005,2.8735,10.5422,6.6328,1.586,-55.08,10.6869,6.5338,1.581,-52.2065
218,monitoring,无人,32:56:90:61:2f:7b,-56,4,,,,,,,,,0.9545,2.5629,0.1489,0.0994,0.0064,2.8735,10.538,6.6332,1.5874,-55.08,10.6869,6.5338,1.581,-52.2065
219,monitoring,无人,32:56:90:61:2f:7b,-57,4,,,,,,,,,0.9559,2.5755,0.1528,0.0998,0.0041,2.8735,10.5341,6.6336,1.5851,-55.08,10.6869,6.5338,1.581,-52.2065
220,monitoring,无人,32:56:90:61:2f:7b,-56,4,,,,,,,,,0.9502,2.5798,0.1562,0.1003,0.0024,2.8435,10.5307,6.6341,1.5834,-55.05,10.6869,6.5338,1.581,-52.2065
221,monitoring,无人,32:56:90:61:2f:7b,-56,4,,,,,,,,,0.9377,2.5389,0.1614,0.1032,0.0003,2.7735,10.5255,6.637,1.5807,-54.98,10.6869,6.5338,1.581,-52.2065
222,monitoring,无人,32:56:90:61:2f:7b,-56,4,,,,,,,,,0.9408,2.5368,0.1683,0.1007,0.003,2.7535,10.5186,6.6345,1.578,-54.96,10.6869,6.5338,1.581,-52.2065
223,monitoring,无人,32:56:90:61:2f:7b,-58,4,,,,,,,,,0.9389,2.534,0.1652,0.103,0.0024,2.7535,10.5217,6.6368,1.5786,-54.96,10.6869,6.5338,1.581,-52.2065
224,monitoring,无人,32:56:90:61:2f:7b,-58,4,,,,,,,,,0.939,2.5361,0.1647,0.1051,0.0015,2.7535,10.5222,6.6389,1.5795,-54.96,10.6869,6.5338,1.581,-52.2065
225,monitoring,无人,32:56:90:61:2f:7b,-61,4,,,,,,,,,0.9482,2.5636,0.163,0.108,0.0003,2.7935,10.5239,6.6418,1.5807,-55.0,10.6869,6.5338,1.581,-52.2065
226,monitoring,无人,32:56:90:61:2f:7b,-61,4,,,,,,,,,0.9597,2.5849,0.158,0.1091,0.0051,2.8335,10.5289,6.6429,1.5861,-55.04,10.6869,6.5338,1.581,-52.2065
227,monitoring,无人,32:56:90:61:2f:7b,-61,4,,,,,,,,,0.9778,2.5813,0.1607,0.1139,0.0105,2.8535,10.5262,6.6477,1.5915,-55.06,10.6869,6.5338,1.581,-52.2065
228,monitoring,无人,32:56:90:61:2f:7b,-61,4,,,,,,,,,0.9958,2.4769,0.1574,0.122,0.025,2.8435,10.5295,6.6558,1.606,-55.05,10.6869,6.5338,1.581,-52.2065
229,monitoring,无人,32:56:90:61:2f:7b,-61,4,,,,,,,,,1.0194,2.4712,0.1663,0.1248,0.0291,2.8735,10.5206,6.6586,1.6101,-55.08,10.6869,6.5338,1.581,-52.2065
230,monitoring,无人,32:56:90:61:2f:7b,-61,4,,,,,,,,,1.0362,2.4669,0.1601,0.1363,0.0343,2.9035,10.5268,6.6701,1.6153,-55.11,10.6869,6.5338,1.581,-52.2065
231,monitoring,无人,32:56:90:61:2f:7b,-61,4,,,,,,,,,1.0496,2.4555,0.1686,0.1404,0.0335,2.9135,10.5183,6.6742,1.6145,-55.12,10.6869,6.5338,1.581,-52.2065
232,monitoring,无人,32:56:90:61:2f:7b,-61,4,,,,,,,,,1.0733,2.4373,0.1718,0.1458,0.0408,2.9435,10.5151,6.6796,1.6218,-55.15,10.6869,6.5338,1.581,-52.2065
233,monitoring,无人,32:56:90:61:2f:7b,-61,4,,,,,,,,,1.0837,2.4317,0.1802,0.1488,0.0363,2.9635,10.5067,6.6826,1.6173,-55.17,10.6869,6.5338,1.581,-52.2065
234,monitoring,无人,32:56:90:61:2f:7b,-56,4,,,,,,,,,1.1261,2.3483,0.1887,0.1491,0.0372,3.0935,10.4982,6.6829,1.6182,-55.3,10.6869,6.5338,1.581,-52.2065
235,monitoring,无人,32:56:90:61:2f:7b,-56,4,,,,,,,,,1.1359,2.3261,0.1931,0.1526,0.0436,3.0735,10.4938,6.6864,1.6246,-55.28,10.6869,6.5338,1.581,-52.2065
236,monitoring,无人,32:56:90:61:2f:7b,-55,4,,,,,,,,,1.1446,2.3001,0.2017,0.1529,0.0498,3.0435,10.4852,6.6867,1.6308,-55.25,10.6869,6.5338,1.581,-52.2065
237,monitoring,无人,32:56:90:61:2f:7b,-56,4,,,,,,,,,1.145,2.2971,0.2083,0.155,0.0474,3.0235,10.4786,6.6888,1.6284,-55.23,10.6869,6.5338,1.581,-52.2065
238,monitoring,无人,32:56:90:61:2f:7b,-56,4,,,,,,,,,1.1505,2.3057,0.2212,0.1527,0.051,2.9835,10.4657,6.6865,1.632,-55.19,10.6869,6.5338,1.581,-52.2065
239,monitoring,无人,32:56:90:61:2f:7b,-56,4,,,,,,,,,1.1435,2.2713,0.2238,0.1586,0.0475,2.9435,10.4631,6.6924,1.6285,-55.15,10.6869,6.5338,1.581,-52.2065
240,monitoring,无人,32:56:90:61:2f:7b,-56,4,,,,,,,,,1.1413,2.2756,0.2295,0.1557,0.0469,2.9235,10.4574,6.6895,1.6279,-55.13,10.6869,6.5338,1.581,-52.2065
241,monitoring,无人,32:56:90:61:2f:7b,-41,4,,,,,,,,,1.1013,2.3815,0.228,0.1591,0.048,2.7535,10.4589,6.6929,1.629,-54.96,10.6869,6.5338,1.581,-52.2065
242,monitoring,无人,32:56:90:61:2f:7b,-57,4,,,,,,,,,1.1174,2.4017,0.2434,0.1527,0.0488,2.7735,10.4435,6.6865,1.6298,-54.98,10.6869,6.5338,1.581,-52.2065
243,monitoring,无人,32:56:90:61:2f:7b,-56,4,,,,,,,,,1.1274,2.4123,0.254,0.1486,0.0489,2.7835,10.4329,6.6824,1.6299,-54.99,10.6869,6.5338,1.581,-52.2065
244,monitoring,无人,32:56:90:61:2f:7b,-56,4,,,,,,,,,1.1299,2.4151,0.2568,0.1486,0.0507,2.7735,10.4301,6.6824,1.6317,-54.98,10.6869,6.5338,1.581,-52.2065
245,monitoring,无人,32:56:90:61:2f:7b,-56,4,,,,,,,,,1.1342,2.4139,0.2606,0.1511,0.0494,2.7735,10.4263,6.6849,1.6304,-54.98,10.6869,6.5338,1.581,-52.2065
246,monitoring,无人,32:56:90:61:2f:7b,-56,4,,,,,,,,,1.1368,2.4136,0.2553,0.1581,0.0472,2.7935,10.4316,6.6919,1.6282,-55.0,10.6869,6.5338,1.581,-52.2065
247,monitoring,无人,32:56:90:61:2f:7b,-56,4,,,,,,,,,1.1455,2.4238,0.2598,0.159,0.046,2.8135,10.4271,6.6928,1.627,-55.02,10.6869,6.5338,1.581,-52.2065
248,monitoring,无人,32:56:90:61:2f:7b,-57,4,,,,,,,,,1.1529,2.4323,0.2548,0.1668,0.0448,2.8435,10.4321,6.7006,1.6258,-55.05,10.6869,6.5338,1.581,-52.2065
249,monitoring,无人,32:56:90:61:2f:7b,-60,4,,,,,,,,,1.1773,2.4426,0.2588,0.1694,0.0475,2.9035,10.4281,6.7032,1.6285,-55.11,10.6869,6.5338,1.581,-52.2065
250,monitoring,无人,32:56:90:61:2f:7b,-55,4,,,,,,,,,1.1914,2.4555,0.2666,0.1727,0.0485,2.9135,10.4203,6.7065,1.6295,-55.12,10.6869,6.5338,1.581,-52.2065
251,monitoring,无人,32:56:90:61:2f:7b,-58,4,,,,,,,,,1.2038,2.458,0.2654,0.1785,0.0477,2.9535,10.4215,6.7123,1.6287,-55.16,10.6869,6.5338,1.581,-52.2065
252,monitoring,无人,32:56:90:61:2f:7b,-57,4,,,,,,,,,1.216,2.4615,0.2656,0.1822,0.049,2.9835,10.4213,6.716,1.63,-55.19,10.6869,6.5338,1.581,-52.2065
253,monitoring,无人,32:56:90:61:2f:7b,-57,4,,,,,,,,,1.2256,2.474,0.2711,0.185,0.0463,3.0035,10.4158,6.7188,1.6273,-55.21,10.6869,6.5338,1.581,-52.2065
254,monitoring,无人,32:56:90:61:2f:7b,-56,4,,,,,,,,,1.2303,2.4737,0.2755,0.1805,0.0475,3.0135,10.4114,6.7143,1.6285,-55.22,10.6869,6.5338,1.581,-52.2065
255,monitoring,无人,32:56:90:61:2f:7b,-60,4,,,,,,,,,1.2424,2.5066,0.2659,0.19,0.0489,3.0635,10.421,6.7238,1.6299,-55.27,10.6869,6.5338,1.581,-52.2065
256,monitoring,无人,32:56:90:61:2f:7b,-59,4,,,,,,,,,1.2556,2.512,0.267,0.19,0.0485,3.1135,10.4199,6.7238,1.6295,-55.32,10.6869,6.5338,1.581,-52.2065
257,monitoring,无人,32:56:90:61:2f:7b,-59,4,,,,,,,,,1.272,2.518,0.2672,0.1949,0.0484,3.1635,10.4197,6.7287,1.6294,-55.37,10.6869,6.5338,1.581,-52.2065
